{
  "$schema": "http://json.schemastore.org/template",
  "author": "github.com/malware-dev/MDK-SE",
  "classifications": ["MDK: Space Engineers"],
  "name": "Programmable Block Script (MDK2)",
  "description": "A script for the programmable block in the game Space Engineers by Keen Software House.",
  "groupIdentity": "Mal.Mdk2.Templates",
  "identity": "Mal.Mdk2.IngameScriptTemplate",
  "shortName": "mdk2pbscript",
  "defaultName": "MDK.PbScript1",
  "tags": {
    "language": "C#",
    "type": "project"
  },
  "sourceName": "PbScript",
  "symbols": {
  }
}
